country,m49_code,iso3,year,drained_organic_soils_area_ha,co2_kt_co2,n2o_ar5_kt_co2e,n2o_kt_gas_diagnostic,emissions_total_kt_co2e,emissions_density_t_co2e_per_ha,hotspot_class,hotspot_rank_total,hotspot_rank_density,source_area,source_co2,source_n2o_co2e,data_quality_note
Indonesia,360,,2019,4887782.0,239395.0,31611.0,37.0,271006.0,55.44559884217422,very_high,1,11,emissions-from-drained-organic-soils.csv,emissions-from-drained-organic-soils.csv,emissions_agriculture_cultivated_organic_soils_e_all_data_norm.csv,"Interim Phase B2b country-level dataset; country-name join, ISO3 join pending."
Russian Federation,643,,2019,1889563.0,52596.0,6249.0,36.0,58845.0,31.14212122062085,very_high,2,57,emissions-from-drained-organic-soils.csv,emissions-from-drained-organic-soils.csv,emissions_agriculture_cultivated_organic_soils_e_all_data_norm.csv,"Interim Phase B2b country-level dataset; country-name join, ISO3 join pending."
United States of America,840,,2019,1545947.0,50226.0,7036.0,21.0,57262.0,37.04007964050514,very_high,3,47,emissions-from-drained-organic-soils.csv,emissions-from-drained-organic-soils.csv,emissions_agriculture_cultivated_organic_soils_e_all_data_norm.csv,"Interim Phase B2b country-level dataset; country-name join, ISO3 join pending."
Belarus,112,,2019,1488751.0,41955.0,4906.0,29.0,46861.0,31.476721090363668,very_high,4,51,emissions-from-drained-organic-soils.csv,emissions-from-drained-organic-soils.csv,emissions_agriculture_cultivated_organic_soils_e_all_data_norm.csv,"Interim Phase B2b country-level dataset; country-name join, ISO3 join pending."
Canada,124,,2019,1369770.0,38145.0,4348.0,26.0,42493.0,31.02199639355512,very_high,5,58,emissions-from-drained-organic-soils.csv,emissions-from-drained-organic-soils.csv,emissions_agriculture_cultivated_organic_soils_e_all_data_norm.csv,"Interim Phase B2b country-level dataset; country-name join, ISO3 join pending."
Malaysia,458,,2019,661308.0,31679.0,4276.0,4.0,35955.0,54.36952221960115,very_high,6,18,emissions-from-drained-organic-soils.csv,emissions-from-drained-organic-soils.csv,emissions_agriculture_cultivated_organic_soils_e_all_data_norm.csv,"Interim Phase B2b country-level dataset; country-name join, ISO3 join pending."
Poland,616,,2019,1057818.0,28322.0,3470.0,19.0,31792.0,30.054319363066238,very_high,7,71,emissions-from-drained-organic-soils.csv,emissions-from-drained-organic-soils.csv,emissions_agriculture_cultivated_organic_soils_e_all_data_norm.csv,"Interim Phase B2b country-level dataset; country-name join, ISO3 join pending."
Germany,276,,2019,1110177.0,27532.0,3651.0,19.0,31183.0,28.08831384544987,very_high,8,84,emissions-from-drained-organic-soils.csv,emissions-from-drained-organic-soils.csv,emissions_agriculture_cultivated_organic_soils_e_all_data_norm.csv,"Interim Phase B2b country-level dataset; country-name join, ISO3 join pending."
Mongolia,496,,2019,1026776.0,22290.0,3539.0,15.0,25829.0,25.1554379923177,very_high,9,90,emissions-from-drained-organic-soils.csv,emissions-from-drained-organic-soils.csv,emissions_agriculture_cultivated_organic_soils_e_all_data_norm.csv,"Interim Phase B2b country-level dataset; country-name join, ISO3 join pending."
Papua New Guinea,598,,2019,443316.0,21401.0,2738.0,3.0,24139.0,54.45100109177201,very_high,10,16,emissions-from-drained-organic-soils.csv,emissions-from-drained-organic-soils.csv,emissions_agriculture_cultivated_organic_soils_e_all_data_norm.csv,"Interim Phase B2b country-level dataset; country-name join, ISO3 join pending."
Ukraine,804,,2019,689075.0,19521.0,2186.0,12.0,21707.0,31.501650763704966,very_high,11,50,emissions-from-drained-organic-soils.csv,emissions-from-drained-organic-soils.csv,emissions_agriculture_cultivated_organic_soils_e_all_data_norm.csv,"Interim Phase B2b country-level dataset; country-name join, ISO3 join pending."
Bangladesh,50,,2019,356695.0,17544.0,2221.0,2.0,19765.0,55.411486003448324,high,12,12,emissions-from-drained-organic-soils.csv,emissions-from-drained-organic-soils.csv,emissions_agriculture_cultivated_organic_soils_e_all_data_norm.csv,"Interim Phase B2b country-level dataset; country-name join, ISO3 join pending."
Zambia,894,,2019,352487.0,14553.0,2420.0,2.0,16973.0,48.152130433179096,high,13,42,emissions-from-drained-organic-soils.csv,emissions-from-drained-organic-soils.csv,emissions_agriculture_cultivated_organic_soils_e_all_data_norm.csv,"Interim Phase B2b country-level dataset; country-name join, ISO3 join pending."
Myanmar,104,,2019,297879.0,14063.0,1846.0,1.0,15909.0,53.40759167312902,high,14,22,emissions-from-drained-organic-soils.csv,emissions-from-drained-organic-soils.csv,emissions_agriculture_cultivated_organic_soils_e_all_data_norm.csv,"Interim Phase B2b country-level dataset; country-name join, ISO3 join pending."
Finland,246,,2019,503051.0,13839.0,1743.0,9.0,15582.0,30.97499060731417,high,15,59,emissions-from-drained-organic-soils.csv,emissions-from-drained-organic-soils.csv,emissions_agriculture_cultivated_organic_soils_e_all_data_norm.csv,"Interim Phase B2b country-level dataset; country-name join, ISO3 join pending."
Ireland,372,,2019,530136.0,10861.0,1808.0,7.0,12669.0,23.897641359952917,high,16,91,emissions-from-drained-organic-soils.csv,emissions-from-drained-organic-soils.csv,emissions_agriculture_cultivated_organic_soils_e_all_data_norm.csv,"Interim Phase B2b country-level dataset; country-name join, ISO3 join pending."
South Sudan,728,,2019,252376.0,9362.0,1814.0,1.0,11176.0,44.28313310298919,high,17,44,emissions-from-drained-organic-soils.csv,emissions-from-drained-organic-soils.csv,emissions_agriculture_cultivated_organic_soils_e_all_data_norm.csv,"Interim Phase B2b country-level dataset; country-name join, ISO3 join pending."
Sweden,752,,2019,362568.0,9782.0,1343.0,6.0,11125.0,30.683899296132036,high,18,63,emissions-from-drained-organic-soils.csv,emissions-from-drained-organic-soils.csv,emissions_agriculture_cultivated_organic_soils_e_all_data_norm.csv,"Interim Phase B2b country-level dataset; country-name join, ISO3 join pending."
Lithuania,440,,2019,349494.0,9668.0,1153.0,6.0,10821.0,30.961904925406444,high,19,60,emissions-from-drained-organic-soils.csv,emissions-from-drained-organic-soils.csv,emissions_agriculture_cultivated_organic_soils_e_all_data_norm.csv,"Interim Phase B2b country-level dataset; country-name join, ISO3 join pending."
Uganda,800,,2019,119425.0,5876.0,756.0,0.0,6632.0,55.53276114716349,high,20,10,emissions-from-drained-organic-soils.csv,emissions-from-drained-organic-soils.csv,emissions_agriculture_cultivated_organic_soils_e_all_data_norm.csv,"Interim Phase B2b country-level dataset; country-name join, ISO3 join pending."
France,250,,2019,216775.0,5789.0,695.0,3.0,6484.0,29.91119824703033,high,21,72,emissions-from-drained-organic-soils.csv,emissions-from-drained-organic-soils.csv,emissions_agriculture_cultivated_organic_soils_e_all_data_norm.csv,"Interim Phase B2b country-level dataset; country-name join, ISO3 join pending."
Falkland Islands (Malvinas),238,,2019,280347.0,5514.0,903.0,3.0,6417.0,22.88949052424317,high,22,95,emissions-from-drained-organic-soils.csv,emissions-from-drained-organic-soils.csv,emissions_agriculture_cultivated_organic_soils_e_all_data_norm.csv,"Interim Phase B2b country-level dataset; country-name join, ISO3 join pending."
Ethiopia,231,,2019,125052.0,5599.0,802.0,0.0,6401.0,51.18670633016665,high,23,37,emissions-from-drained-organic-soils.csv,emissions-from-drained-organic-soils.csv,emissions_agriculture_cultivated_organic_soils_e_all_data_norm.csv,"Interim Phase B2b country-level dataset; country-name join, ISO3 join pending."
Norway,578,,2019,243463.0,5420.0,898.0,3.0,6318.0,25.95055511515097,high,24,89,emissions-from-drained-organic-soils.csv,emissions-from-drained-organic-soils.csv,emissions_agriculture_cultivated_organic_soils_e_all_data_norm.csv,"Interim Phase B2b country-level dataset; country-name join, ISO3 join pending."
Argentina,32,,2019,182227.0,5230.0,985.0,1.0,6215.0,34.10581307929122,high,25,48,emissions-from-drained-organic-soils.csv,emissions-from-drained-organic-soils.csv,emissions_agriculture_cultivated_organic_soils_e_all_data_norm.csv,"Interim Phase B2b country-level dataset; country-name join, ISO3 join pending."
Hungary,348,,2019,198124.0,5558.0,633.0,3.0,6191.0,31.248107245967173,high,26,54,emissions-from-drained-organic-soils.csv,emissions-from-drained-organic-soils.csv,emissions_agriculture_cultivated_organic_soils_e_all_data_norm.csv,"Interim Phase B2b country-level dataset; country-name join, ISO3 join pending."
Latvia,428,,2019,194252.0,5214.0,658.0,2.0,5872.0,30.228774993307663,medium,27,70,emissions-from-drained-organic-soils.csv,emissions-from-drained-organic-soils.csv,emissions_agriculture_cultivated_organic_soils_e_all_data_norm.csv,"Interim Phase B2b country-level dataset; country-name join, ISO3 join pending."
Estonia,233,,2019,189504.0,5194.0,612.0,3.0,5806.0,30.63787571766295,medium,28,64,emissions-from-drained-organic-soils.csv,emissions-from-drained-organic-soils.csv,emissions_agriculture_cultivated_organic_soils_e_all_data_norm.csv,"Interim Phase B2b country-level dataset; country-name join, ISO3 join pending."
India,356,,2019,102340.0,4905.0,653.0,0.0,5558.0,54.309165526675784,medium,29,19,emissions-from-drained-organic-soils.csv,emissions-from-drained-organic-soils.csv,emissions_agriculture_cultivated_organic_soils_e_all_data_norm.csv,"Interim Phase B2b country-level dataset; country-name join, ISO3 join pending."
United Republic of Tanzania,834,,2019,101197.0,4525.0,661.0,0.0,5186.0,51.24657845588308,medium,30,36,emissions-from-drained-organic-soils.csv,emissions-from-drained-organic-soils.csv,emissions_agriculture_cultivated_organic_soils_e_all_data_norm.csv,"Interim Phase B2b country-level dataset; country-name join, ISO3 join pending."
Madagascar,450,,2019,95043.0,4361.0,713.0,0.0,5074.0,53.38636196248014,medium,31,23,emissions-from-drained-organic-soils.csv,emissions-from-drained-organic-soils.csv,emissions_agriculture_cultivated_organic_soils_e_all_data_norm.csv,"Interim Phase B2b country-level dataset; country-name join, ISO3 join pending."
Japan,392,,2019,155825.0,4315.0,500.0,2.0,4815.0,30.90004813091609,medium,32,61,emissions-from-drained-organic-soils.csv,emissions-from-drained-organic-soils.csv,emissions_agriculture_cultivated_organic_soils_e_all_data_norm.csv,"Interim Phase B2b country-level dataset; country-name join, ISO3 join pending."
China,159,,2019,151681.0,3913.0,498.0,1.0,4411.0,29.08076819113798,medium,33,78,emissions-from-drained-organic-soils.csv,emissions-from-drained-organic-soils.csv,emissions_agriculture_cultivated_organic_soils_e_all_data_norm.csv,"Interim Phase B2b country-level dataset; country-name join, ISO3 join pending."
"China, mainland",156,,2019,151681.0,3913.0,498.0,1.0,4411.0,29.08076819113798,medium,34,79,emissions-from-drained-organic-soils.csv,emissions-from-drained-organic-soils.csv,emissions_agriculture_cultivated_organic_soils_e_all_data_norm.csv,"Interim Phase B2b country-level dataset; country-name join, ISO3 join pending."
Viet Nam,704,,2019,74964.0,3834.0,441.0,0.0,4275.0,57.02737313910677,medium,35,2,emissions-from-drained-organic-soils.csv,emissions-from-drained-organic-soils.csv,emissions_agriculture_cultivated_organic_soils_e_all_data_norm.csv,"Interim Phase B2b country-level dataset; country-name join, ISO3 join pending."
Guyana,328,,2019,70077.0,3106.0,488.0,0.0,3594.0,51.286442056594886,medium,36,35,emissions-from-drained-organic-soils.csv,emissions-from-drained-organic-soils.csv,emissions_agriculture_cultivated_organic_soils_e_all_data_norm.csv,"Interim Phase B2b country-level dataset; country-name join, ISO3 join pending."
Burundi,108,,2019,68102.0,3037.0,444.0,0.0,3481.0,51.11450471351796,medium,37,38,emissions-from-drained-organic-soils.csv,emissions-from-drained-organic-soils.csv,emissions_agriculture_cultivated_organic_soils_e_all_data_norm.csv,"Interim Phase B2b country-level dataset; country-name join, ISO3 join pending."
Congo,178,,2019,60472.0,2970.0,369.0,0.0,3339.0,55.215636989019714,medium,38,14,emissions-from-drained-organic-soils.csv,emissions-from-drained-organic-soils.csv,emissions_agriculture_cultivated_organic_soils_e_all_data_norm.csv,"Interim Phase B2b country-level dataset; country-name join, ISO3 join pending."
Australia,36,,2019,118233.0,2857.0,398.0,1.0,3255.0,27.53038491791632,medium,39,85,emissions-from-drained-organic-soils.csv,emissions-from-drained-organic-soils.csv,emissions_agriculture_cultivated_organic_soils_e_all_data_norm.csv,"Interim Phase B2b country-level dataset; country-name join, ISO3 join pending."
New Zealand,554,,2019,126205.0,2441.0,400.0,0.0,2841.0,22.510994017669663,medium,40,97,emissions-from-drained-organic-soils.csv,emissions-from-drained-organic-soils.csv,emissions_agriculture_cultivated_organic_soils_e_all_data_norm.csv,"Interim Phase B2b country-level dataset; country-name join, ISO3 join pending."
Nepal,524,,2019,64499.0,2371.0,391.0,0.0,2762.0,42.82236933905952,medium,41,46,emissions-from-drained-organic-soils.csv,emissions-from-drained-organic-soils.csv,emissions_agriculture_cultivated_organic_soils_e_all_data_norm.csv,"Interim Phase B2b country-level dataset; country-name join, ISO3 join pending."
Denmark,208,,2019,86052.0,2344.0,280.0,1.0,2624.0,30.49319016408683,medium,42,66,emissions-from-drained-organic-soils.csv,emissions-from-drained-organic-soils.csv,emissions_agriculture_cultivated_organic_soils_e_all_data_norm.csv,"Interim Phase B2b country-level dataset; country-name join, ISO3 join pending."
Rwanda,646,,2019,36332.0,1679.0,220.0,0.0,1899.0,52.26797313662887,medium,43,29,emissions-from-drained-organic-soils.csv,emissions-from-drained-organic-soils.csv,emissions_agriculture_cultivated_organic_soils_e_all_data_norm.csv,"Interim Phase B2b country-level dataset; country-name join, ISO3 join pending."
Venezuela (Bolivarian Republic of),862,,2019,35099.0,1590.0,253.0,0.0,1843.0,52.50861847915895,medium,44,28,emissions-from-drained-organic-soils.csv,emissions-from-drained-organic-soils.csv,emissions_agriculture_cultivated_organic_soils_e_all_data_norm.csv,"Interim Phase B2b country-level dataset; country-name join, ISO3 join pending."
Cameroon,120,,2019,30022.0,1529.0,188.0,0.0,1717.0,57.19139297848245,medium,45,1,emissions-from-drained-organic-soils.csv,emissions-from-drained-organic-soils.csv,emissions_agriculture_cultivated_organic_soils_e_all_data_norm.csv,"Interim Phase B2b country-level dataset; country-name join, ISO3 join pending."
Sri Lanka,144,,2019,27616.0,1220.0,198.0,0.0,1418.0,51.34704519119351,medium,46,34,emissions-from-drained-organic-soils.csv,emissions-from-drained-organic-soils.csv,emissions_agriculture_cultivated_organic_soils_e_all_data_norm.csv,"Interim Phase B2b country-level dataset; country-name join, ISO3 join pending."
Greece,300,,2019,46144.0,1266.0,147.0,0.0,1413.0,30.62153259361997,medium,47,65,emissions-from-drained-organic-soils.csv,emissions-from-drained-organic-soils.csv,emissions_agriculture_cultivated_organic_soils_e_all_data_norm.csv,"Interim Phase B2b country-level dataset; country-name join, ISO3 join pending."
Bulgaria,100,,2019,39033.0,1097.0,128.0,0.0,1225.0,31.38370097097328,medium,48,52,emissions-from-drained-organic-soils.csv,emissions-from-drained-organic-soils.csv,emissions_agriculture_cultivated_organic_soils_e_all_data_norm.csv,"Interim Phase B2b country-level dataset; country-name join, ISO3 join pending."
Chile,152,,2019,45528.0,1033.0,156.0,0.0,1189.0,26.115796872254435,medium,49,87,emissions-from-drained-organic-soils.csv,emissions-from-drained-organic-soils.csv,emissions_agriculture_cultivated_organic_soils_e_all_data_norm.csv,"Interim Phase B2b country-level dataset; country-name join, ISO3 join pending."
Thailand,764,,2019,21825.0,1023.0,164.0,0.0,1187.0,54.38717067583047,medium,50,17,emissions-from-drained-organic-soils.csv,emissions-from-drained-organic-soils.csv,emissions_agriculture_cultivated_organic_soils_e_all_data_norm.csv,"Interim Phase B2b country-level dataset; country-name join, ISO3 join pending."
Malawi,454,,2019,16789.0,848.0,104.0,0.0,952.0,56.70379415093216,medium,51,4,emissions-from-drained-organic-soils.csv,emissions-from-drained-organic-soils.csv,emissions_agriculture_cultivated_organic_soils_e_all_data_norm.csv,"Interim Phase B2b country-level dataset; country-name join, ISO3 join pending."
Switzerland,756,,2019,32328.0,806.0,114.0,0.0,920.0,28.45830240039594,medium,52,82,emissions-from-drained-organic-soils.csv,emissions-from-drained-organic-soils.csv,emissions_agriculture_cultivated_organic_soils_e_all_data_norm.csv,"Interim Phase B2b country-level dataset; country-name join, ISO3 join pending."
Iceland,352,,2019,37666.0,734.0,134.0,0.0,868.0,23.044655657622258,low,53,94,emissions-from-drained-organic-soils.csv,emissions-from-drained-organic-soils.csv,emissions_agriculture_cultivated_organic_soils_e_all_data_norm.csv,"Interim Phase B2b country-level dataset; country-name join, ISO3 join pending."
Colombia,170,,2019,15749.0,701.0,115.0,0.0,816.0,51.81281351196901,low,54,33,emissions-from-drained-organic-soils.csv,emissions-from-drained-organic-soils.csv,emissions_agriculture_cultivated_organic_soils_e_all_data_norm.csv,"Interim Phase B2b country-level dataset; country-name join, ISO3 join pending."
Guinea,324,,2019,15535.0,692.0,116.0,0.0,808.0,52.01158673962021,low,55,31,emissions-from-drained-organic-soils.csv,emissions-from-drained-organic-soils.csv,emissions_agriculture_cultivated_organic_soils_e_all_data_norm.csv,"Interim Phase B2b country-level dataset; country-name join, ISO3 join pending."
Italy,380,,2019,24284.0,692.0,77.0,0.0,769.0,31.66694119584912,low,56,49,emissions-from-drained-organic-soils.csv,emissions-from-drained-organic-soils.csv,emissions_agriculture_cultivated_organic_soils_e_all_data_norm.csv,"Interim Phase B2b country-level dataset; country-name join, ISO3 join pending."
Panama,591,,2019,14403.0,673.0,92.0,0.0,765.0,53.11393459695897,low,57,26,emissions-from-drained-organic-soils.csv,emissions-from-drained-organic-soils.csv,emissions_agriculture_cultivated_organic_soils_e_all_data_norm.csv,"Interim Phase B2b country-level dataset; country-name join, ISO3 join pending."
Suriname,740,,2019,13587.0,643.0,82.0,0.0,725.0,53.359829248546404,low,58,24,emissions-from-drained-organic-soils.csv,emissions-from-drained-organic-soils.csv,emissions_agriculture_cultivated_organic_soils_e_all_data_norm.csv,"Interim Phase B2b country-level dataset; country-name join, ISO3 join pending."
Botswana,72,,2019,12321.0,625.0,75.0,0.0,700.0,56.81357032708384,low,59,3,emissions-from-drained-organic-soils.csv,emissions-from-drained-organic-soils.csv,emissions_agriculture_cultivated_organic_soils_e_all_data_norm.csv,"Interim Phase B2b country-level dataset; country-name join, ISO3 join pending."
Gabon,266,,2019,11617.0,582.0,73.0,0.0,655.0,56.38288714814496,low,60,5,emissions-from-drained-organic-soils.csv,emissions-from-drained-organic-soils.csv,emissions_agriculture_cultivated_organic_soils_e_all_data_norm.csv,"Interim Phase B2b country-level dataset; country-name join, ISO3 join pending."
Romania,642,,2019,19888.0,551.0,63.0,0.0,614.0,30.87288817377313,low,61,62,emissions-from-drained-organic-soils.csv,emissions-from-drained-organic-soils.csv,emissions_agriculture_cultivated_organic_soils_e_all_data_norm.csv,"Interim Phase B2b country-level dataset; country-name join, ISO3 join pending."
South Africa,710,,2019,19865.0,507.0,84.0,0.0,591.0,29.75081802164611,low,62,74,emissions-from-drained-organic-soils.csv,emissions-from-drained-organic-soils.csv,emissions_agriculture_cultivated_organic_soils_e_all_data_norm.csv,"Interim Phase B2b country-level dataset; country-name join, ISO3 join pending."
Brazil,76,,2019,13261.0,478.0,96.0,0.0,574.0,43.28482014931001,low,63,45,emissions-from-drained-organic-soils.csv,emissions-from-drained-organic-soils.csv,emissions_agriculture_cultivated_organic_soils_e_all_data_norm.csv,"Interim Phase B2b country-level dataset; country-name join, ISO3 join pending."
Democratic Republic of the Congo,180,,2019,9054.0,454.0,56.0,0.0,510.0,56.32869449966866,low,64,6,emissions-from-drained-organic-soils.csv,emissions-from-drained-organic-soils.csv,emissions_agriculture_cultivated_organic_soils_e_all_data_norm.csv,"Interim Phase B2b country-level dataset; country-name join, ISO3 join pending."
Spain,724,,2019,16812.0,428.0,59.0,0.0,487.0,28.967404235070187,low,65,80,emissions-from-drained-organic-soils.csv,emissions-from-drained-organic-soils.csv,emissions_agriculture_cultivated_organic_soils_e_all_data_norm.csv,"Interim Phase B2b country-level dataset; country-name join, ISO3 join pending."
Angola,24,,2019,6564.0,315.0,44.0,0.0,359.0,54.692260816575256,low,66,15,emissions-from-drained-organic-soils.csv,emissions-from-drained-organic-soils.csv,emissions_agriculture_cultivated_organic_soils_e_all_data_norm.csv,"Interim Phase B2b country-level dataset; country-name join, ISO3 join pending."
Austria,40,,2019,12669.0,287.0,42.0,0.0,329.0,25.968900465703687,low,67,88,emissions-from-drained-organic-soils.csv,emissions-from-drained-organic-soils.csv,emissions_agriculture_cultivated_organic_soils_e_all_data_norm.csv,"Interim Phase B2b country-level dataset; country-name join, ISO3 join pending."
Czechia,203,,2019,9968.0,263.0,35.0,0.0,298.0,29.895666131621187,low,68,73,emissions-from-drained-organic-soils.csv,emissions-from-drained-organic-soils.csv,emissions_agriculture_cultivated_organic_soils_e_all_data_norm.csv,"Interim Phase B2b country-level dataset; country-name join, ISO3 join pending."
Portugal,620,,2019,9822.0,247.0,39.0,0.0,286.0,29.11830584402362,low,69,77,emissions-from-drained-organic-soils.csv,emissions-from-drained-organic-soils.csv,emissions_agriculture_cultivated_organic_soils_e_all_data_norm.csv,"Interim Phase B2b country-level dataset; country-name join, ISO3 join pending."
Jamaica,388,,2019,5867.0,242.0,38.0,0.0,280.0,47.7245611044827,low,70,43,emissions-from-drained-organic-soils.csv,emissions-from-drained-organic-soils.csv,emissions_agriculture_cultivated_organic_soils_e_all_data_norm.csv,"Interim Phase B2b country-level dataset; country-name join, ISO3 join pending."
Faroe Islands,234,,2019,13235.0,235.0,37.0,0.0,272.0,20.551567812618057,low,71,98,emissions-from-drained-organic-soils.csv,emissions-from-drained-organic-soils.csv,emissions_agriculture_cultivated_organic_soils_e_all_data_norm.csv,"Interim Phase B2b country-level dataset; country-name join, ISO3 join pending."
Brunei Darussalam,96,,2019,5525.0,237.0,30.0,0.0,267.0,48.32579185520362,low,72,41,emissions-from-drained-organic-soils.csv,emissions-from-drained-organic-soils.csv,emissions_agriculture_cultivated_organic_soils_e_all_data_norm.csv,"Interim Phase B2b country-level dataset; country-name join, ISO3 join pending."
Belgium,56,,2019,7998.0,202.0,25.0,0.0,227.0,28.38209552388097,low,73,83,emissions-from-drained-organic-soils.csv,emissions-from-drained-organic-soils.csv,emissions_agriculture_cultivated_organic_soils_e_all_data_norm.csv,"Interim Phase B2b country-level dataset; country-name join, ISO3 join pending."
Uruguay,858,,2019,9285.0,190.0,29.0,0.0,219.0,23.58642972536349,low,74,93,emissions-from-drained-organic-soils.csv,emissions-from-drained-organic-soils.csv,emissions_agriculture_cultivated_organic_soils_e_all_data_norm.csv,"Interim Phase B2b country-level dataset; country-name join, ISO3 join pending."
Republic of Moldova,498,,2019,6687.0,190.0,19.0,0.0,209.0,31.254673246597875,low,75,53,emissions-from-drained-organic-soils.csv,emissions-from-drained-organic-soils.csv,emissions_agriculture_cultivated_organic_soils_e_all_data_norm.csv,"Interim Phase B2b country-level dataset; country-name join, ISO3 join pending."
Belize,84,,2019,4301.0,171.0,37.0,0.0,208.0,48.36084631481051,low,76,40,emissions-from-drained-organic-soils.csv,emissions-from-drained-organic-soils.csv,emissions_agriculture_cultivated_organic_soils_e_all_data_norm.csv,"Interim Phase B2b country-level dataset; country-name join, ISO3 join pending."
Kenya,404,,2019,6324.0,154.0,31.0,0.0,185.0,29.253636938646427,low,77,76,emissions-from-drained-organic-soils.csv,emissions-from-drained-organic-soils.csv,emissions_agriculture_cultivated_organic_soils_e_all_data_norm.csv,"Interim Phase B2b country-level dataset; country-name join, ISO3 join pending."
Slovenia,705,,2019,6232.0,164.0,21.0,0.0,185.0,29.685494223363285,low,78,75,emissions-from-drained-organic-soils.csv,emissions-from-drained-organic-soils.csv,emissions_agriculture_cultivated_organic_soils_e_all_data_norm.csv,"Interim Phase B2b country-level dataset; country-name join, ISO3 join pending."
Democratic People's Republic of Korea,408,,2019,5121.0,145.0,15.0,0.0,160.0,31.24389767623511,very_low,79,55,emissions-from-drained-organic-soils.csv,emissions-from-drained-organic-soils.csv,emissions_agriculture_cultivated_organic_soils_e_all_data_norm.csv,"Interim Phase B2b country-level dataset; country-name join, ISO3 join pending."
Liberia,430,,2019,2477.0,123.0,15.0,0.0,138.0,55.71255551069842,very_low,80,8,emissions-from-drained-organic-soils.csv,emissions-from-drained-organic-soils.csv,emissions_agriculture_cultivated_organic_soils_e_all_data_norm.csv,"Interim Phase B2b country-level dataset; country-name join, ISO3 join pending."
Bosnia and Herzegovina,70,,2019,4350.0,105.0,14.0,0.0,119.0,27.35632183908046,very_low,81,86,emissions-from-drained-organic-soils.csv,emissions-from-drained-organic-soils.csv,emissions_agriculture_cultivated_organic_soils_e_all_data_norm.csv,"Interim Phase B2b country-level dataset; country-name join, ISO3 join pending."
Albania,8,,2019,3839.0,105.0,12.0,0.0,117.0,30.47668663714509,very_low,82,67,emissions-from-drained-organic-soils.csv,emissions-from-drained-organic-soils.csv,emissions_agriculture_cultivated_organic_soils_e_all_data_norm.csv,"Interim Phase B2b country-level dataset; country-name join, ISO3 join pending."
Peru,604,,2019,2066.0,101.0,14.0,0.0,115.0,55.663117134559535,very_low,83,9,emissions-from-drained-organic-soils.csv,emissions-from-drained-organic-soils.csv,emissions_agriculture_cultivated_organic_soils_e_all_data_norm.csv,"Interim Phase B2b country-level dataset; country-name join, ISO3 join pending."
Ecuador,218,,2019,1647.0,80.0,12.0,0.0,92.0,55.85913782635094,very_low,84,7,emissions-from-drained-organic-soils.csv,emissions-from-drained-organic-soils.csv,emissions_agriculture_cultivated_organic_soils_e_all_data_norm.csv,"Interim Phase B2b country-level dataset; country-name join, ISO3 join pending."
Fiji,242,,2019,1746.0,79.0,12.0,0.0,91.0,52.11912943871707,very_low,85,30,emissions-from-drained-organic-soils.csv,emissions-from-drained-organic-soils.csv,emissions_agriculture_cultivated_organic_soils_e_all_data_norm.csv,"Interim Phase B2b country-level dataset; country-name join, ISO3 join pending."
Costa Rica,188,,2019,1628.0,68.0,20.0,0.0,88.0,54.054054054054056,very_low,86,21,emissions-from-drained-organic-soils.csv,emissions-from-drained-organic-soils.csv,emissions_agriculture_cultivated_organic_soils_e_all_data_norm.csv,"Interim Phase B2b country-level dataset; country-name join, ISO3 join pending."
Ghana,288,,2019,1601.0,73.0,10.0,0.0,83.0,51.84259837601499,very_low,87,32,emissions-from-drained-organic-soils.csv,emissions-from-drained-organic-soils.csv,emissions_agriculture_cultivated_organic_soils_e_all_data_norm.csv,"Interim Phase B2b country-level dataset; country-name join, ISO3 join pending."
Slovakia,703,,2019,2379.0,64.0,8.0,0.0,72.0,30.264817150063053,very_low,88,69,emissions-from-drained-organic-soils.csv,emissions-from-drained-organic-soils.csv,emissions_agriculture_cultivated_organic_soils_e_all_data_norm.csv,"Interim Phase B2b country-level dataset; country-name join, ISO3 join pending."
Puerto Rico,630,,2019,1254.0,58.0,10.0,0.0,68.0,54.22647527910686,very_low,89,20,emissions-from-drained-organic-soils.csv,emissions-from-drained-organic-soils.csv,emissions_agriculture_cultivated_organic_soils_e_all_data_norm.csv,"Interim Phase B2b country-level dataset; country-name join, ISO3 join pending."
Central African Republic,140,,2019,1103.0,55.0,6.0,0.0,61.0,55.30371713508613,very_low,90,13,emissions-from-drained-organic-soils.csv,emissions-from-drained-organic-soils.csv,emissions_agriculture_cultivated_organic_soils_e_all_data_norm.csv,"Interim Phase B2b country-level dataset; country-name join, ISO3 join pending."
French Guiana,254,,2019,752.0,35.0,5.0,0.0,40.0,53.191489361702125,very_low,91,25,emissions-from-drained-organic-soils.csv,emissions-from-drained-organic-soils.csv,emissions_agriculture_cultivated_organic_soils_e_all_data_norm.csv,"Interim Phase B2b country-level dataset; country-name join, ISO3 join pending."
Nicaragua,558,,2019,754.0,32.0,8.0,0.0,40.0,53.05039787798408,very_low,92,27,emissions-from-drained-organic-soils.csv,emissions-from-drained-organic-soils.csv,emissions_agriculture_cultivated_organic_soils_e_all_data_norm.csv,"Interim Phase B2b country-level dataset; country-name join, ISO3 join pending."
Isle of Man,833,,2019,968.0,20.0,3.0,0.0,23.0,23.760330578512395,very_low,93,92,emissions-from-drained-organic-soils.csv,emissions-from-drained-organic-soils.csv,emissions_agriculture_cultivated_organic_soils_e_all_data_norm.csv,"Interim Phase B2b country-level dataset; country-name join, ISO3 join pending."
Montenegro,499,,2019,641.0,18.0,2.0,0.0,20.0,31.201248049921997,very_low,94,56,emissions-from-drained-organic-soils.csv,emissions-from-drained-organic-soils.csv,emissions_agriculture_cultivated_organic_soils_e_all_data_norm.csv,"Interim Phase B2b country-level dataset; country-name join, ISO3 join pending."
Croatia,191,,2019,330.0,9.0,1.0,0.0,10.0,30.303030303030305,very_low,95,68,emissions-from-drained-organic-soils.csv,emissions-from-drained-organic-soils.csv,emissions_agriculture_cultivated_organic_soils_e_all_data_norm.csv,"Interim Phase B2b country-level dataset; country-name join, ISO3 join pending."
Eritrea,232,,2019,164.0,8.0,0.0,0.0,8.0,48.78048780487805,very_low,96,39,emissions-from-drained-organic-soils.csv,emissions-from-drained-organic-soils.csv,emissions_agriculture_cultivated_organic_soils_e_all_data_norm.csv,"Interim Phase B2b country-level dataset; country-name join, ISO3 join pending."
Luxembourg,442,,2019,179.0,3.0,0.0,0.0,3.0,16.75977653631285,very_low,97,99,emissions-from-drained-organic-soils.csv,emissions-from-drained-organic-soils.csv,emissions_agriculture_cultivated_organic_soils_e_all_data_norm.csv,"Interim Phase B2b country-level dataset; country-name join, ISO3 join pending."
Namibia,516,,2019,104.0,3.0,0.0,0.0,3.0,28.846153846153847,very_low,98,81,emissions-from-drained-organic-soils.csv,emissions-from-drained-organic-soils.csv,emissions_agriculture_cultivated_organic_soils_e_all_data_norm.csv,"Interim Phase B2b country-level dataset; country-name join, ISO3 join pending."
Serbia,688,,2019,88.0,2.0,0.0,0.0,2.0,22.727272727272727,very_low,99,96,emissions-from-drained-organic-soils.csv,emissions-from-drained-organic-soils.csv,emissions_agriculture_cultivated_organic_soils_e_all_data_norm.csv,"Interim Phase B2b country-level dataset; country-name join, ISO3 join pending."
Equatorial Guinea,226,,2019,20.0,0.0,0.0,0.0,0.0,0.0,very_low,100,100,emissions-from-drained-organic-soils.csv,emissions-from-drained-organic-soils.csv,emissions_agriculture_cultivated_organic_soils_e_all_data_norm.csv,"Interim Phase B2b country-level dataset; country-name join, ISO3 join pending."
Guinea-Bissau,624,,2019,0.0,0.0,0.0,0.0,0.0,,very_low,101,,emissions-from-drained-organic-soils.csv,emissions-from-drained-organic-soils.csv,emissions_agriculture_cultivated_organic_soils_e_all_data_norm.csv,"Interim Phase B2b country-level dataset; country-name join, ISO3 join pending."
Solomon Islands,90,,2019,13.0,0.0,0.0,0.0,0.0,0.0,very_low,102,101,emissions-from-drained-organic-soils.csv,emissions-from-drained-organic-soils.csv,emissions_agriculture_cultivated_organic_soils_e_all_data_norm.csv,"Interim Phase B2b country-level dataset; country-name join, ISO3 join pending."
Afghanistan,4,,2019,0.0,0.0,,0.0,,,no_data,,,emissions-from-drained-organic-soils.csv,emissions-from-drained-organic-soils.csv,emissions_agriculture_cultivated_organic_soils_e_all_data_norm.csv,Missing N2O AR5 CO2e join from cultivation export.
Algeria,12,,2019,0.0,0.0,,0.0,,,no_data,,,emissions-from-drained-organic-soils.csv,emissions-from-drained-organic-soils.csv,emissions_agriculture_cultivated_organic_soils_e_all_data_norm.csv,Missing N2O AR5 CO2e join from cultivation export.
American Samoa,16,,2019,0.0,0.0,,0.0,,,no_data,,,emissions-from-drained-organic-soils.csv,emissions-from-drained-organic-soils.csv,emissions_agriculture_cultivated_organic_soils_e_all_data_norm.csv,Missing N2O AR5 CO2e join from cultivation export.
Andorra,20,,2019,0.0,0.0,,0.0,,,no_data,,,emissions-from-drained-organic-soils.csv,emissions-from-drained-organic-soils.csv,emissions_agriculture_cultivated_organic_soils_e_all_data_norm.csv,Missing N2O AR5 CO2e join from cultivation export.
Anguilla,660,,2019,0.0,0.0,,0.0,,,no_data,,,emissions-from-drained-organic-soils.csv,emissions-from-drained-organic-soils.csv,emissions_agriculture_cultivated_organic_soils_e_all_data_norm.csv,Missing N2O AR5 CO2e join from cultivation export.
Antigua and Barbuda,28,,2019,0.0,0.0,,0.0,,,no_data,,,emissions-from-drained-organic-soils.csv,emissions-from-drained-organic-soils.csv,emissions_agriculture_cultivated_organic_soils_e_all_data_norm.csv,Missing N2O AR5 CO2e join from cultivation export.
Armenia,51,,2019,0.0,0.0,,0.0,,,no_data,,,emissions-from-drained-organic-soils.csv,emissions-from-drained-organic-soils.csv,emissions_agriculture_cultivated_organic_soils_e_all_data_norm.csv,Missing N2O AR5 CO2e join from cultivation export.
Aruba,533,,2019,0.0,0.0,,0.0,,,no_data,,,emissions-from-drained-organic-soils.csv,emissions-from-drained-organic-soils.csv,emissions_agriculture_cultivated_organic_soils_e_all_data_norm.csv,Missing N2O AR5 CO2e join from cultivation export.
Azerbaijan,31,,2019,0.0,0.0,,0.0,,,no_data,,,emissions-from-drained-organic-soils.csv,emissions-from-drained-organic-soils.csv,emissions_agriculture_cultivated_organic_soils_e_all_data_norm.csv,Missing N2O AR5 CO2e join from cultivation export.
Bahamas,44,,2019,0.0,0.0,,0.0,,,no_data,,,emissions-from-drained-organic-soils.csv,emissions-from-drained-organic-soils.csv,emissions_agriculture_cultivated_organic_soils_e_all_data_norm.csv,Missing N2O AR5 CO2e join from cultivation export.
Bahrain,48,,2019,0.0,0.0,,0.0,,,no_data,,,emissions-from-drained-organic-soils.csv,emissions-from-drained-organic-soils.csv,emissions_agriculture_cultivated_organic_soils_e_all_data_norm.csv,Missing N2O AR5 CO2e join from cultivation export.
Barbados,52,,2019,0.0,0.0,,0.0,,,no_data,,,emissions-from-drained-organic-soils.csv,emissions-from-drained-organic-soils.csv,emissions_agriculture_cultivated_organic_soils_e_all_data_norm.csv,Missing N2O AR5 CO2e join from cultivation export.
Benin,204,,2019,0.0,0.0,,0.0,,,no_data,,,emissions-from-drained-organic-soils.csv,emissions-from-drained-organic-soils.csv,emissions_agriculture_cultivated_organic_soils_e_all_data_norm.csv,Missing N2O AR5 CO2e join from cultivation export.
Bermuda,60,,2019,0.0,0.0,,0.0,,,no_data,,,emissions-from-drained-organic-soils.csv,emissions-from-drained-organic-soils.csv,emissions_agriculture_cultivated_organic_soils_e_all_data_norm.csv,Missing N2O AR5 CO2e join from cultivation export.
Bhutan,64,,2019,0.0,0.0,,0.0,,,no_data,,,emissions-from-drained-organic-soils.csv,emissions-from-drained-organic-soils.csv,emissions_agriculture_cultivated_organic_soils_e_all_data_norm.csv,Missing N2O AR5 CO2e join from cultivation export.
Bolivia (Plurinational State of),68,,2019,0.0,0.0,,0.0,,,no_data,,,emissions-from-drained-organic-soils.csv,emissions-from-drained-organic-soils.csv,emissions_agriculture_cultivated_organic_soils_e_all_data_norm.csv,Missing N2O AR5 CO2e join from cultivation export.
British Virgin Islands,92,,2019,0.0,0.0,,0.0,,,no_data,,,emissions-from-drained-organic-soils.csv,emissions-from-drained-organic-soils.csv,emissions_agriculture_cultivated_organic_soils_e_all_data_norm.csv,Missing N2O AR5 CO2e join from cultivation export.
Burkina Faso,854,,2019,0.0,0.0,,0.0,,,no_data,,,emissions-from-drained-organic-soils.csv,emissions-from-drained-organic-soils.csv,emissions_agriculture_cultivated_organic_soils_e_all_data_norm.csv,Missing N2O AR5 CO2e join from cultivation export.
Cabo Verde,132,,2019,0.0,0.0,,0.0,,,no_data,,,emissions-from-drained-organic-soils.csv,emissions-from-drained-organic-soils.csv,emissions_agriculture_cultivated_organic_soils_e_all_data_norm.csv,Missing N2O AR5 CO2e join from cultivation export.
Cambodia,116,,2019,0.0,0.0,,0.0,,,no_data,,,emissions-from-drained-organic-soils.csv,emissions-from-drained-organic-soils.csv,emissions_agriculture_cultivated_organic_soils_e_all_data_norm.csv,Missing N2O AR5 CO2e join from cultivation export.
Cayman Islands,136,,2019,0.0,0.0,,0.0,,,no_data,,,emissions-from-drained-organic-soils.csv,emissions-from-drained-organic-soils.csv,emissions_agriculture_cultivated_organic_soils_e_all_data_norm.csv,Missing N2O AR5 CO2e join from cultivation export.
Chad,148,,2019,0.0,0.0,,0.0,,,no_data,,,emissions-from-drained-organic-soils.csv,emissions-from-drained-organic-soils.csv,emissions_agriculture_cultivated_organic_soils_e_all_data_norm.csv,Missing N2O AR5 CO2e join from cultivation export.
Channel Islands,830,,2019,0.0,0.0,,0.0,,,no_data,,,emissions-from-drained-organic-soils.csv,emissions-from-drained-organic-soils.csv,emissions_agriculture_cultivated_organic_soils_e_all_data_norm.csv,Missing N2O AR5 CO2e join from cultivation export.
"China, Hong Kong SAR",344,,2019,0.0,0.0,,0.0,,,no_data,,,emissions-from-drained-organic-soils.csv,emissions-from-drained-organic-soils.csv,emissions_agriculture_cultivated_organic_soils_e_all_data_norm.csv,Missing N2O AR5 CO2e join from cultivation export.
"China, Macao SAR",446,,2019,0.0,0.0,,0.0,,,no_data,,,emissions-from-drained-organic-soils.csv,emissions-from-drained-organic-soils.csv,emissions_agriculture_cultivated_organic_soils_e_all_data_norm.csv,Missing N2O AR5 CO2e join from cultivation export.
"China, Taiwan Province of",158,,2019,0.0,0.0,,0.0,,,no_data,,,emissions-from-drained-organic-soils.csv,emissions-from-drained-organic-soils.csv,emissions_agriculture_cultivated_organic_soils_e_all_data_norm.csv,Missing N2O AR5 CO2e join from cultivation export.
Comoros,174,,2019,0.0,0.0,,0.0,,,no_data,,,emissions-from-drained-organic-soils.csv,emissions-from-drained-organic-soils.csv,emissions_agriculture_cultivated_organic_soils_e_all_data_norm.csv,Missing N2O AR5 CO2e join from cultivation export.
Cook Islands,184,,2019,0.0,0.0,,0.0,,,no_data,,,emissions-from-drained-organic-soils.csv,emissions-from-drained-organic-soils.csv,emissions_agriculture_cultivated_organic_soils_e_all_data_norm.csv,Missing N2O AR5 CO2e join from cultivation export.
Cuba,192,,2019,0.0,0.0,,0.0,,,no_data,,,emissions-from-drained-organic-soils.csv,emissions-from-drained-organic-soils.csv,emissions_agriculture_cultivated_organic_soils_e_all_data_norm.csv,Missing N2O AR5 CO2e join from cultivation export.
Cyprus,196,,2019,0.0,0.0,,0.0,,,no_data,,,emissions-from-drained-organic-soils.csv,emissions-from-drained-organic-soils.csv,emissions_agriculture_cultivated_organic_soils_e_all_data_norm.csv,Missing N2O AR5 CO2e join from cultivation export.
Côte d'Ivoire,384,,2019,46313.0,2342.0,,0.0,,,no_data,,,emissions-from-drained-organic-soils.csv,emissions-from-drained-organic-soils.csv,emissions_agriculture_cultivated_organic_soils_e_all_data_norm.csv,Missing N2O AR5 CO2e join from cultivation export.
Djibouti,262,,2019,0.0,0.0,,0.0,,,no_data,,,emissions-from-drained-organic-soils.csv,emissions-from-drained-organic-soils.csv,emissions_agriculture_cultivated_organic_soils_e_all_data_norm.csv,Missing N2O AR5 CO2e join from cultivation export.
Dominica,212,,2019,0.0,0.0,,0.0,,,no_data,,,emissions-from-drained-organic-soils.csv,emissions-from-drained-organic-soils.csv,emissions_agriculture_cultivated_organic_soils_e_all_data_norm.csv,Missing N2O AR5 CO2e join from cultivation export.
Dominican Republic,214,,2019,0.0,0.0,,0.0,,,no_data,,,emissions-from-drained-organic-soils.csv,emissions-from-drained-organic-soils.csv,emissions_agriculture_cultivated_organic_soils_e_all_data_norm.csv,Missing N2O AR5 CO2e join from cultivation export.
Egypt,818,,2019,0.0,0.0,,0.0,,,no_data,,,emissions-from-drained-organic-soils.csv,emissions-from-drained-organic-soils.csv,emissions_agriculture_cultivated_organic_soils_e_all_data_norm.csv,Missing N2O AR5 CO2e join from cultivation export.
El Salvador,222,,2019,0.0,0.0,,0.0,,,no_data,,,emissions-from-drained-organic-soils.csv,emissions-from-drained-organic-soils.csv,emissions_agriculture_cultivated_organic_soils_e_all_data_norm.csv,Missing N2O AR5 CO2e join from cultivation export.
Eswatini,748,,2019,0.0,0.0,,0.0,,,no_data,,,emissions-from-drained-organic-soils.csv,emissions-from-drained-organic-soils.csv,emissions_agriculture_cultivated_organic_soils_e_all_data_norm.csv,Missing N2O AR5 CO2e join from cultivation export.
French Polynesia,258,,2019,0.0,0.0,,0.0,,,no_data,,,emissions-from-drained-organic-soils.csv,emissions-from-drained-organic-soils.csv,emissions_agriculture_cultivated_organic_soils_e_all_data_norm.csv,Missing N2O AR5 CO2e join from cultivation export.
Gambia,270,,2019,0.0,0.0,,0.0,,,no_data,,,emissions-from-drained-organic-soils.csv,emissions-from-drained-organic-soils.csv,emissions_agriculture_cultivated_organic_soils_e_all_data_norm.csv,Missing N2O AR5 CO2e join from cultivation export.
Georgia,268,,2019,0.0,0.0,,0.0,,,no_data,,,emissions-from-drained-organic-soils.csv,emissions-from-drained-organic-soils.csv,emissions_agriculture_cultivated_organic_soils_e_all_data_norm.csv,Missing N2O AR5 CO2e join from cultivation export.
Gibraltar,292,,2019,0.0,0.0,,0.0,,,no_data,,,emissions-from-drained-organic-soils.csv,emissions-from-drained-organic-soils.csv,emissions_agriculture_cultivated_organic_soils_e_all_data_norm.csv,Missing N2O AR5 CO2e join from cultivation export.
Greenland,304,,2019,0.0,0.0,,0.0,,,no_data,,,emissions-from-drained-organic-soils.csv,emissions-from-drained-organic-soils.csv,emissions_agriculture_cultivated_organic_soils_e_all_data_norm.csv,Missing N2O AR5 CO2e join from cultivation export.
Grenada,308,,2019,0.0,0.0,,0.0,,,no_data,,,emissions-from-drained-organic-soils.csv,emissions-from-drained-organic-soils.csv,emissions_agriculture_cultivated_organic_soils_e_all_data_norm.csv,Missing N2O AR5 CO2e join from cultivation export.
Guadeloupe,312,,2019,0.0,0.0,,0.0,,,no_data,,,emissions-from-drained-organic-soils.csv,emissions-from-drained-organic-soils.csv,emissions_agriculture_cultivated_organic_soils_e_all_data_norm.csv,Missing N2O AR5 CO2e join from cultivation export.
Guam,316,,2019,0.0,0.0,,0.0,,,no_data,,,emissions-from-drained-organic-soils.csv,emissions-from-drained-organic-soils.csv,emissions_agriculture_cultivated_organic_soils_e_all_data_norm.csv,Missing N2O AR5 CO2e join from cultivation export.
Guatemala,320,,2019,0.0,0.0,,0.0,,,no_data,,,emissions-from-drained-organic-soils.csv,emissions-from-drained-organic-soils.csv,emissions_agriculture_cultivated_organic_soils_e_all_data_norm.csv,Missing N2O AR5 CO2e join from cultivation export.
Haiti,332,,2019,0.0,0.0,,0.0,,,no_data,,,emissions-from-drained-organic-soils.csv,emissions-from-drained-organic-soils.csv,emissions_agriculture_cultivated_organic_soils_e_all_data_norm.csv,Missing N2O AR5 CO2e join from cultivation export.
Holy See,336,,2019,0.0,0.0,,0.0,,,no_data,,,emissions-from-drained-organic-soils.csv,emissions-from-drained-organic-soils.csv,emissions_agriculture_cultivated_organic_soils_e_all_data_norm.csv,Missing N2O AR5 CO2e join from cultivation export.
Honduras,340,,2019,0.0,0.0,,0.0,,,no_data,,,emissions-from-drained-organic-soils.csv,emissions-from-drained-organic-soils.csv,emissions_agriculture_cultivated_organic_soils_e_all_data_norm.csv,Missing N2O AR5 CO2e join from cultivation export.
Iran (Islamic Republic of),364,,2019,0.0,0.0,,0.0,,,no_data,,,emissions-from-drained-organic-soils.csv,emissions-from-drained-organic-soils.csv,emissions_agriculture_cultivated_organic_soils_e_all_data_norm.csv,Missing N2O AR5 CO2e join from cultivation export.
Iraq,368,,2019,0.0,0.0,,0.0,,,no_data,,,emissions-from-drained-organic-soils.csv,emissions-from-drained-organic-soils.csv,emissions_agriculture_cultivated_organic_soils_e_all_data_norm.csv,Missing N2O AR5 CO2e join from cultivation export.
Israel,376,,2019,0.0,0.0,,0.0,,,no_data,,,emissions-from-drained-organic-soils.csv,emissions-from-drained-organic-soils.csv,emissions_agriculture_cultivated_organic_soils_e_all_data_norm.csv,Missing N2O AR5 CO2e join from cultivation export.
Jordan,400,,2019,0.0,0.0,,0.0,,,no_data,,,emissions-from-drained-organic-soils.csv,emissions-from-drained-organic-soils.csv,emissions_agriculture_cultivated_organic_soils_e_all_data_norm.csv,Missing N2O AR5 CO2e join from cultivation export.
Kazakhstan,398,,2019,0.0,0.0,,0.0,,,no_data,,,emissions-from-drained-organic-soils.csv,emissions-from-drained-organic-soils.csv,emissions_agriculture_cultivated_organic_soils_e_all_data_norm.csv,Missing N2O AR5 CO2e join from cultivation export.
Kiribati,296,,2019,0.0,0.0,,0.0,,,no_data,,,emissions-from-drained-organic-soils.csv,emissions-from-drained-organic-soils.csv,emissions_agriculture_cultivated_organic_soils_e_all_data_norm.csv,Missing N2O AR5 CO2e join from cultivation export.
Kuwait,414,,2019,0.0,0.0,,0.0,,,no_data,,,emissions-from-drained-organic-soils.csv,emissions-from-drained-organic-soils.csv,emissions_agriculture_cultivated_organic_soils_e_all_data_norm.csv,Missing N2O AR5 CO2e join from cultivation export.
Kyrgyzstan,417,,2019,0.0,0.0,,0.0,,,no_data,,,emissions-from-drained-organic-soils.csv,emissions-from-drained-organic-soils.csv,emissions_agriculture_cultivated_organic_soils_e_all_data_norm.csv,Missing N2O AR5 CO2e join from cultivation export.
Lao People's Democratic Republic,418,,2019,0.0,0.0,,0.0,,,no_data,,,emissions-from-drained-organic-soils.csv,emissions-from-drained-organic-soils.csv,emissions_agriculture_cultivated_organic_soils_e_all_data_norm.csv,Missing N2O AR5 CO2e join from cultivation export.
Lebanon,422,,2019,0.0,0.0,,0.0,,,no_data,,,emissions-from-drained-organic-soils.csv,emissions-from-drained-organic-soils.csv,emissions_agriculture_cultivated_organic_soils_e_all_data_norm.csv,Missing N2O AR5 CO2e join from cultivation export.
Lesotho,426,,2019,0.0,0.0,,0.0,,,no_data,,,emissions-from-drained-organic-soils.csv,emissions-from-drained-organic-soils.csv,emissions_agriculture_cultivated_organic_soils_e_all_data_norm.csv,Missing N2O AR5 CO2e join from cultivation export.
Libya,434,,2019,0.0,0.0,,0.0,,,no_data,,,emissions-from-drained-organic-soils.csv,emissions-from-drained-organic-soils.csv,emissions_agriculture_cultivated_organic_soils_e_all_data_norm.csv,Missing N2O AR5 CO2e join from cultivation export.
Liechtenstein,438,,2019,0.0,0.0,,0.0,,,no_data,,,emissions-from-drained-organic-soils.csv,emissions-from-drained-organic-soils.csv,emissions_agriculture_cultivated_organic_soils_e_all_data_norm.csv,Missing N2O AR5 CO2e join from cultivation export.
Maldives,462,,2019,0.0,0.0,,0.0,,,no_data,,,emissions-from-drained-organic-soils.csv,emissions-from-drained-organic-soils.csv,emissions_agriculture_cultivated_organic_soils_e_all_data_norm.csv,Missing N2O AR5 CO2e join from cultivation export.
Mali,466,,2019,0.0,0.0,,0.0,,,no_data,,,emissions-from-drained-organic-soils.csv,emissions-from-drained-organic-soils.csv,emissions_agriculture_cultivated_organic_soils_e_all_data_norm.csv,Missing N2O AR5 CO2e join from cultivation export.
Malta,470,,2019,0.0,0.0,,0.0,,,no_data,,,emissions-from-drained-organic-soils.csv,emissions-from-drained-organic-soils.csv,emissions_agriculture_cultivated_organic_soils_e_all_data_norm.csv,Missing N2O AR5 CO2e join from cultivation export.
Marshall Islands,584,,2019,0.0,0.0,,0.0,,,no_data,,,emissions-from-drained-organic-soils.csv,emissions-from-drained-organic-soils.csv,emissions_agriculture_cultivated_organic_soils_e_all_data_norm.csv,Missing N2O AR5 CO2e join from cultivation export.
Martinique,474,,2019,0.0,0.0,,0.0,,,no_data,,,emissions-from-drained-organic-soils.csv,emissions-from-drained-organic-soils.csv,emissions_agriculture_cultivated_organic_soils_e_all_data_norm.csv,Missing N2O AR5 CO2e join from cultivation export.
Mauritania,478,,2019,0.0,0.0,,0.0,,,no_data,,,emissions-from-drained-organic-soils.csv,emissions-from-drained-organic-soils.csv,emissions_agriculture_cultivated_organic_soils_e_all_data_norm.csv,Missing N2O AR5 CO2e join from cultivation export.
Mauritius,480,,2019,0.0,0.0,,0.0,,,no_data,,,emissions-from-drained-organic-soils.csv,emissions-from-drained-organic-soils.csv,emissions_agriculture_cultivated_organic_soils_e_all_data_norm.csv,Missing N2O AR5 CO2e join from cultivation export.
Mayotte,175,,2019,0.0,0.0,,0.0,,,no_data,,,emissions-from-drained-organic-soils.csv,emissions-from-drained-organic-soils.csv,emissions_agriculture_cultivated_organic_soils_e_all_data_norm.csv,Missing N2O AR5 CO2e join from cultivation export.
Mexico,484,,2019,0.0,0.0,,0.0,,,no_data,,,emissions-from-drained-organic-soils.csv,emissions-from-drained-organic-soils.csv,emissions_agriculture_cultivated_organic_soils_e_all_data_norm.csv,Missing N2O AR5 CO2e join from cultivation export.
Micronesia (Federated States of),583,,2019,0.0,0.0,,0.0,,,no_data,,,emissions-from-drained-organic-soils.csv,emissions-from-drained-organic-soils.csv,emissions_agriculture_cultivated_organic_soils_e_all_data_norm.csv,Missing N2O AR5 CO2e join from cultivation export.
Monaco,492,,2019,0.0,0.0,,0.0,,,no_data,,,emissions-from-drained-organic-soils.csv,emissions-from-drained-organic-soils.csv,emissions_agriculture_cultivated_organic_soils_e_all_data_norm.csv,Missing N2O AR5 CO2e join from cultivation export.
Montserrat,500,,2019,0.0,0.0,,0.0,,,no_data,,,emissions-from-drained-organic-soils.csv,emissions-from-drained-organic-soils.csv,emissions_agriculture_cultivated_organic_soils_e_all_data_norm.csv,Missing N2O AR5 CO2e join from cultivation export.
Morocco,504,,2019,0.0,0.0,,0.0,,,no_data,,,emissions-from-drained-organic-soils.csv,emissions-from-drained-organic-soils.csv,emissions_agriculture_cultivated_organic_soils_e_all_data_norm.csv,Missing N2O AR5 CO2e join from cultivation export.
Mozambique,508,,2019,0.0,0.0,,0.0,,,no_data,,,emissions-from-drained-organic-soils.csv,emissions-from-drained-organic-soils.csv,emissions_agriculture_cultivated_organic_soils_e_all_data_norm.csv,Missing N2O AR5 CO2e join from cultivation export.
Nauru,520,,2019,0.0,0.0,,0.0,,,no_data,,,emissions-from-drained-organic-soils.csv,emissions-from-drained-organic-soils.csv,emissions_agriculture_cultivated_organic_soils_e_all_data_norm.csv,Missing N2O AR5 CO2e join from cultivation export.
Netherlands (Kingdom of the),528,,2019,303155.0,7145.0,,5.0,,,no_data,,,emissions-from-drained-organic-soils.csv,emissions-from-drained-organic-soils.csv,emissions_agriculture_cultivated_organic_soils_e_all_data_norm.csv,Missing N2O AR5 CO2e join from cultivation export.
New Caledonia,540,,2019,0.0,0.0,,0.0,,,no_data,,,emissions-from-drained-organic-soils.csv,emissions-from-drained-organic-soils.csv,emissions_agriculture_cultivated_organic_soils_e_all_data_norm.csv,Missing N2O AR5 CO2e join from cultivation export.
Niger,562,,2019,0.0,0.0,,0.0,,,no_data,,,emissions-from-drained-organic-soils.csv,emissions-from-drained-organic-soils.csv,emissions_agriculture_cultivated_organic_soils_e_all_data_norm.csv,Missing N2O AR5 CO2e join from cultivation export.
Nigeria,566,,2019,0.0,0.0,,0.0,,,no_data,,,emissions-from-drained-organic-soils.csv,emissions-from-drained-organic-soils.csv,emissions_agriculture_cultivated_organic_soils_e_all_data_norm.csv,Missing N2O AR5 CO2e join from cultivation export.
Niue,570,,2019,0.0,0.0,,0.0,,,no_data,,,emissions-from-drained-organic-soils.csv,emissions-from-drained-organic-soils.csv,emissions_agriculture_cultivated_organic_soils_e_all_data_norm.csv,Missing N2O AR5 CO2e join from cultivation export.
Norfolk Island,574,,2019,0.0,0.0,,0.0,,,no_data,,,emissions-from-drained-organic-soils.csv,emissions-from-drained-organic-soils.csv,emissions_agriculture_cultivated_organic_soils_e_all_data_norm.csv,Missing N2O AR5 CO2e join from cultivation export.
North Macedonia,807,,2019,0.0,0.0,,0.0,,,no_data,,,emissions-from-drained-organic-soils.csv,emissions-from-drained-organic-soils.csv,emissions_agriculture_cultivated_organic_soils_e_all_data_norm.csv,Missing N2O AR5 CO2e join from cultivation export.
Northern Mariana Islands,580,,2019,0.0,0.0,,0.0,,,no_data,,,emissions-from-drained-organic-soils.csv,emissions-from-drained-organic-soils.csv,emissions_agriculture_cultivated_organic_soils_e_all_data_norm.csv,Missing N2O AR5 CO2e join from cultivation export.
Oman,512,,2019,0.0,0.0,,0.0,,,no_data,,,emissions-from-drained-organic-soils.csv,emissions-from-drained-organic-soils.csv,emissions_agriculture_cultivated_organic_soils_e_all_data_norm.csv,Missing N2O AR5 CO2e join from cultivation export.
Pakistan,586,,2019,0.0,0.0,,0.0,,,no_data,,,emissions-from-drained-organic-soils.csv,emissions-from-drained-organic-soils.csv,emissions_agriculture_cultivated_organic_soils_e_all_data_norm.csv,Missing N2O AR5 CO2e join from cultivation export.
Palau,585,,2019,0.0,0.0,,0.0,,,no_data,,,emissions-from-drained-organic-soils.csv,emissions-from-drained-organic-soils.csv,emissions_agriculture_cultivated_organic_soils_e_all_data_norm.csv,Missing N2O AR5 CO2e join from cultivation export.
Palestine,275,,2019,0.0,0.0,,0.0,,,no_data,,,emissions-from-drained-organic-soils.csv,emissions-from-drained-organic-soils.csv,emissions_agriculture_cultivated_organic_soils_e_all_data_norm.csv,Missing N2O AR5 CO2e join from cultivation export.
Paraguay,600,,2019,0.0,0.0,,0.0,,,no_data,,,emissions-from-drained-organic-soils.csv,emissions-from-drained-organic-soils.csv,emissions_agriculture_cultivated_organic_soils_e_all_data_norm.csv,Missing N2O AR5 CO2e join from cultivation export.
Philippines,608,,2019,0.0,0.0,,0.0,,,no_data,,,emissions-from-drained-organic-soils.csv,emissions-from-drained-organic-soils.csv,emissions_agriculture_cultivated_organic_soils_e_all_data_norm.csv,Missing N2O AR5 CO2e join from cultivation export.
Pitcairn,612,,2019,0.0,0.0,,0.0,,,no_data,,,emissions-from-drained-organic-soils.csv,emissions-from-drained-organic-soils.csv,emissions_agriculture_cultivated_organic_soils_e_all_data_norm.csv,Missing N2O AR5 CO2e join from cultivation export.
Qatar,634,,2019,0.0,0.0,,0.0,,,no_data,,,emissions-from-drained-organic-soils.csv,emissions-from-drained-organic-soils.csv,emissions_agriculture_cultivated_organic_soils_e_all_data_norm.csv,Missing N2O AR5 CO2e join from cultivation export.
Republic of Korea,410,,2019,0.0,0.0,,0.0,,,no_data,,,emissions-from-drained-organic-soils.csv,emissions-from-drained-organic-soils.csv,emissions_agriculture_cultivated_organic_soils_e_all_data_norm.csv,Missing N2O AR5 CO2e join from cultivation export.
Réunion,638,,2019,0.0,0.0,,0.0,,,no_data,,,emissions-from-drained-organic-soils.csv,emissions-from-drained-organic-soils.csv,emissions_agriculture_cultivated_organic_soils_e_all_data_norm.csv,Missing N2O AR5 CO2e join from cultivation export.
"Saint Helena, Ascension and Tristan da Cunha",654,,2019,0.0,0.0,,0.0,,,no_data,,,emissions-from-drained-organic-soils.csv,emissions-from-drained-organic-soils.csv,emissions_agriculture_cultivated_organic_soils_e_all_data_norm.csv,Missing N2O AR5 CO2e join from cultivation export.
Saint Kitts and Nevis,659,,2019,0.0,0.0,,0.0,,,no_data,,,emissions-from-drained-organic-soils.csv,emissions-from-drained-organic-soils.csv,emissions_agriculture_cultivated_organic_soils_e_all_data_norm.csv,Missing N2O AR5 CO2e join from cultivation export.
Saint Lucia,662,,2019,0.0,0.0,,0.0,,,no_data,,,emissions-from-drained-organic-soils.csv,emissions-from-drained-organic-soils.csv,emissions_agriculture_cultivated_organic_soils_e_all_data_norm.csv,Missing N2O AR5 CO2e join from cultivation export.
Saint Pierre and Miquelon,666,,2019,0.0,0.0,,0.0,,,no_data,,,emissions-from-drained-organic-soils.csv,emissions-from-drained-organic-soils.csv,emissions_agriculture_cultivated_organic_soils_e_all_data_norm.csv,Missing N2O AR5 CO2e join from cultivation export.
Saint Vincent and the Grenadines,670,,2019,0.0,0.0,,0.0,,,no_data,,,emissions-from-drained-organic-soils.csv,emissions-from-drained-organic-soils.csv,emissions_agriculture_cultivated_organic_soils_e_all_data_norm.csv,Missing N2O AR5 CO2e join from cultivation export.
Samoa,882,,2019,0.0,0.0,,0.0,,,no_data,,,emissions-from-drained-organic-soils.csv,emissions-from-drained-organic-soils.csv,emissions_agriculture_cultivated_organic_soils_e_all_data_norm.csv,Missing N2O AR5 CO2e join from cultivation export.
San Marino,674,,2019,0.0,0.0,,0.0,,,no_data,,,emissions-from-drained-organic-soils.csv,emissions-from-drained-organic-soils.csv,emissions_agriculture_cultivated_organic_soils_e_all_data_norm.csv,Missing N2O AR5 CO2e join from cultivation export.
Sao Tome and Principe,678,,2019,0.0,0.0,,0.0,,,no_data,,,emissions-from-drained-organic-soils.csv,emissions-from-drained-organic-soils.csv,emissions_agriculture_cultivated_organic_soils_e_all_data_norm.csv,Missing N2O AR5 CO2e join from cultivation export.
Saudi Arabia,682,,2019,0.0,0.0,,0.0,,,no_data,,,emissions-from-drained-organic-soils.csv,emissions-from-drained-organic-soils.csv,emissions_agriculture_cultivated_organic_soils_e_all_data_norm.csv,Missing N2O AR5 CO2e join from cultivation export.
Senegal,686,,2019,0.0,0.0,,0.0,,,no_data,,,emissions-from-drained-organic-soils.csv,emissions-from-drained-organic-soils.csv,emissions_agriculture_cultivated_organic_soils_e_all_data_norm.csv,Missing N2O AR5 CO2e join from cultivation export.
Seychelles,690,,2019,0.0,0.0,,0.0,,,no_data,,,emissions-from-drained-organic-soils.csv,emissions-from-drained-organic-soils.csv,emissions_agriculture_cultivated_organic_soils_e_all_data_norm.csv,Missing N2O AR5 CO2e join from cultivation export.
Sierra Leone,694,,2019,0.0,0.0,,0.0,,,no_data,,,emissions-from-drained-organic-soils.csv,emissions-from-drained-organic-soils.csv,emissions_agriculture_cultivated_organic_soils_e_all_data_norm.csv,Missing N2O AR5 CO2e join from cultivation export.
Singapore,702,,2019,0.0,0.0,,0.0,,,no_data,,,emissions-from-drained-organic-soils.csv,emissions-from-drained-organic-soils.csv,emissions_agriculture_cultivated_organic_soils_e_all_data_norm.csv,Missing N2O AR5 CO2e join from cultivation export.
Somalia,706,,2019,0.0,0.0,,0.0,,,no_data,,,emissions-from-drained-organic-soils.csv,emissions-from-drained-organic-soils.csv,emissions_agriculture_cultivated_organic_soils_e_all_data_norm.csv,Missing N2O AR5 CO2e join from cultivation export.
Sudan,729,,2019,0.0,0.0,,0.0,,,no_data,,,emissions-from-drained-organic-soils.csv,emissions-from-drained-organic-soils.csv,emissions_agriculture_cultivated_organic_soils_e_all_data_norm.csv,Missing N2O AR5 CO2e join from cultivation export.
Syrian Arab Republic,760,,2019,0.0,0.0,,0.0,,,no_data,,,emissions-from-drained-organic-soils.csv,emissions-from-drained-organic-soils.csv,emissions_agriculture_cultivated_organic_soils_e_all_data_norm.csv,Missing N2O AR5 CO2e join from cultivation export.
Tajikistan,762,,2019,0.0,0.0,,0.0,,,no_data,,,emissions-from-drained-organic-soils.csv,emissions-from-drained-organic-soils.csv,emissions_agriculture_cultivated_organic_soils_e_all_data_norm.csv,Missing N2O AR5 CO2e join from cultivation export.
Timor-Leste,626,,2019,0.0,0.0,,0.0,,,no_data,,,emissions-from-drained-organic-soils.csv,emissions-from-drained-organic-soils.csv,emissions_agriculture_cultivated_organic_soils_e_all_data_norm.csv,Missing N2O AR5 CO2e join from cultivation export.
Togo,768,,2019,0.0,0.0,,0.0,,,no_data,,,emissions-from-drained-organic-soils.csv,emissions-from-drained-organic-soils.csv,emissions_agriculture_cultivated_organic_soils_e_all_data_norm.csv,Missing N2O AR5 CO2e join from cultivation export.
Tokelau,772,,2019,0.0,0.0,,0.0,,,no_data,,,emissions-from-drained-organic-soils.csv,emissions-from-drained-organic-soils.csv,emissions_agriculture_cultivated_organic_soils_e_all_data_norm.csv,Missing N2O AR5 CO2e join from cultivation export.
Tonga,776,,2019,0.0,0.0,,0.0,,,no_data,,,emissions-from-drained-organic-soils.csv,emissions-from-drained-organic-soils.csv,emissions_agriculture_cultivated_organic_soils_e_all_data_norm.csv,Missing N2O AR5 CO2e join from cultivation export.
Trinidad and Tobago,780,,2019,0.0,0.0,,0.0,,,no_data,,,emissions-from-drained-organic-soils.csv,emissions-from-drained-organic-soils.csv,emissions_agriculture_cultivated_organic_soils_e_all_data_norm.csv,Missing N2O AR5 CO2e join from cultivation export.
Tunisia,788,,2019,0.0,0.0,,0.0,,,no_data,,,emissions-from-drained-organic-soils.csv,emissions-from-drained-organic-soils.csv,emissions_agriculture_cultivated_organic_soils_e_all_data_norm.csv,Missing N2O AR5 CO2e join from cultivation export.
Turkmenistan,795,,2019,0.0,0.0,,0.0,,,no_data,,,emissions-from-drained-organic-soils.csv,emissions-from-drained-organic-soils.csv,emissions_agriculture_cultivated_organic_soils_e_all_data_norm.csv,Missing N2O AR5 CO2e join from cultivation export.
Turks and Caicos Islands,796,,2019,0.0,0.0,,0.0,,,no_data,,,emissions-from-drained-organic-soils.csv,emissions-from-drained-organic-soils.csv,emissions_agriculture_cultivated_organic_soils_e_all_data_norm.csv,Missing N2O AR5 CO2e join from cultivation export.
Tuvalu,798,,2019,0.0,0.0,,0.0,,,no_data,,,emissions-from-drained-organic-soils.csv,emissions-from-drained-organic-soils.csv,emissions_agriculture_cultivated_organic_soils_e_all_data_norm.csv,Missing N2O AR5 CO2e join from cultivation export.
Türkiye,792,,2019,14.0,0.0,,0.0,,,no_data,,,emissions-from-drained-organic-soils.csv,emissions-from-drained-organic-soils.csv,emissions_agriculture_cultivated_organic_soils_e_all_data_norm.csv,Missing N2O AR5 CO2e join from cultivation export.
United Arab Emirates,784,,2019,0.0,0.0,,0.0,,,no_data,,,emissions-from-drained-organic-soils.csv,emissions-from-drained-organic-soils.csv,emissions_agriculture_cultivated_organic_soils_e_all_data_norm.csv,Missing N2O AR5 CO2e join from cultivation export.
United Kingdom of Great Britain and Northern Ireland,826,,2019,1278646.0,26407.0,,17.0,,,no_data,,,emissions-from-drained-organic-soils.csv,emissions-from-drained-organic-soils.csv,emissions_agriculture_cultivated_organic_soils_e_all_data_norm.csv,Missing N2O AR5 CO2e join from cultivation export.
United States Virgin Islands,850,,2019,0.0,0.0,,0.0,,,no_data,,,emissions-from-drained-organic-soils.csv,emissions-from-drained-organic-soils.csv,emissions_agriculture_cultivated_organic_soils_e_all_data_norm.csv,Missing N2O AR5 CO2e join from cultivation export.
Uzbekistan,860,,2019,0.0,0.0,,0.0,,,no_data,,,emissions-from-drained-organic-soils.csv,emissions-from-drained-organic-soils.csv,emissions_agriculture_cultivated_organic_soils_e_all_data_norm.csv,Missing N2O AR5 CO2e join from cultivation export.
Vanuatu,548,,2019,0.0,0.0,,0.0,,,no_data,,,emissions-from-drained-organic-soils.csv,emissions-from-drained-organic-soils.csv,emissions_agriculture_cultivated_organic_soils_e_all_data_norm.csv,Missing N2O AR5 CO2e join from cultivation export.
Wallis and Futuna Islands,876,,2019,0.0,0.0,,0.0,,,no_data,,,emissions-from-drained-organic-soils.csv,emissions-from-drained-organic-soils.csv,emissions_agriculture_cultivated_organic_soils_e_all_data_norm.csv,Missing N2O AR5 CO2e join from cultivation export.
Western Sahara,732,,2019,0.0,0.0,,0.0,,,no_data,,,emissions-from-drained-organic-soils.csv,emissions-from-drained-organic-soils.csv,emissions_agriculture_cultivated_organic_soils_e_all_data_norm.csv,Missing N2O AR5 CO2e join from cultivation export.
Yemen,887,,2019,0.0,0.0,,0.0,,,no_data,,,emissions-from-drained-organic-soils.csv,emissions-from-drained-organic-soils.csv,emissions_agriculture_cultivated_organic_soils_e_all_data_norm.csv,Missing N2O AR5 CO2e join from cultivation export.
Zimbabwe,716,,2019,0.0,0.0,,0.0,,,no_data,,,emissions-from-drained-organic-soils.csv,emissions-from-drained-organic-soils.csv,emissions_agriculture_cultivated_organic_soils_e_all_data_norm.csv,Missing N2O AR5 CO2e join from cultivation export.
